order_purchase_date,payment_type,payment_value_sum
2016-09-04,credit_card,136.23
2016-09-05,credit_card,75.06
2016-09-13,credit_card,40.95
2016-10-02,credit_card,109.34
2016-10-03,boleto,138.28
2016-10-03,credit_card,456.86
2016-10-04,boleto,1758.51
2016-10-04,credit_card,9929.11
2016-10-04,debit_card,65.5
2016-10-04,voucher,161.53
2016-10-05,boleto,2403.17
2016-10-05,credit_card,7670.5
2016-10-05,voucher,138.55
2016-10-06,boleto,1108.79
2016-10-06,credit_card,8113.59
2016-10-06,debit_card,176.23
2016-10-07,boleto,2222.12
2016-10-07,credit_card,5783.07
2016-10-07,voucher,250.0
2016-10-08,boleto,822.97
2016-10-08,credit_card,8793.16
2016-10-08,voucher,100.0
2016-10-09,boleto,168.38
2016-10-09,credit_card,3878.11
2016-10-09,voucher,105.62
2016-10-10,boleto,1056.84
2016-10-10,credit_card,3556.88
2016-10-10,voucher,61.38
2016-10-22,voucher,61.99
2016-12-23,credit_card,19.62
2017-01-05,boleto,571.3100000000001
2017-01-05,credit_card,135.96
2017-01-06,boleto,21.45
2017-01-06,credit_card,316.83000000000004
2017-01-06,voucher,650.0
2017-01-07,credit_card,1447.99
2017-01-08,boleto,25.1
2017-01-08,credit_card,784.53
2017-01-09,boleto,167.99
2017-01-09,credit_card,606.52
2017-01-10,boleto,152.75
2017-01-10,credit_card,1418.42
2017-01-11,boleto,452.5
2017-01-11,credit_card,2609.83
2017-01-12,credit_card,2426.82
2017-01-12,debit_card,54.42
2017-01-12,voucher,21.45
2017-01-13,boleto,425.07
2017-01-13,credit_card,2478.9
2017-01-14,credit_card,1507.36
2017-01-15,boleto,771.68
2017-01-15,credit_card,1779.6599999999999
2017-01-16,boleto,223.62
2017-01-16,credit_card,3488.6200000000003
2017-01-17,boleto,1242.58
2017-01-17,credit_card,2456.58
2017-01-17,debit_card,50.31
2017-01-17,voucher,144.14
2017-01-18,boleto,972.6
2017-01-18,credit_card,3304.69
2017-01-18,debit_card,139.59
2017-01-18,voucher,266.5
2017-01-19,boleto,405.32
2017-01-19,credit_card,3516.5299999999997
2017-01-19,debit_card,218.31
2017-01-20,boleto,883.21
2017-01-20,credit_card,3493.23
2017-01-20,voucher,321.63
2017-01-21,boleto,318.83
2017-01-21,credit_card,2775.93
2017-01-22,boleto,364.27
2017-01-22,credit_card,3915.95
2017-01-23,boleto,1226.5
2017-01-23,credit_card,5823.15
2017-01-23,voucher,504.24
2017-01-24,boleto,1091.51
2017-01-24,credit_card,5640.39
2017-01-24,voucher,62.6
2017-01-25,boleto,1155.8
2017-01-25,credit_card,8794.87
2017-01-25,debit_card,138.49
2017-01-25,voucher,345.15
2017-01-26,boleto,3424.76
2017-01-26,credit_card,11468.369999999999
2017-01-26,debit_card,54.51
2017-01-26,voucher,244.32
2017-01-27,boleto,2479.48
2017-01-27,credit_card,9893.77
2017-01-27,voucher,530.88
2017-01-28,boleto,744.36
2017-01-28,credit_card,4781.91
2017-01-28,voucher,383.71000000000004
2017-01-29,boleto,645.79
2017-01-29,credit_card,6426.97
2017-01-29,debit_card,87.9
2017-01-30,boleto,2762.67
2017-01-30,credit_card,9232.38
2017-01-30,voucher,192.85000000000002
2017-01-31,boleto,3545.2799999999997
2017-01-31,credit_card,9089.52
2017-01-31,voucher,386.93
2017-02-01,boleto,3646.64
2017-02-01,credit_card,6439.33
2017-02-01,voucher,225.02
2017-02-02,boleto,3550.3
2017-02-02,credit_card,7082.2300000000005
2017-02-02,debit_card,44.01
2017-02-03,boleto,4387.38
2017-02-03,credit_card,7079.72
2017-02-03,voucher,172.09
2017-02-04,boleto,1101.57
2017-02-04,credit_card,14485.61
2017-02-04,voucher,159.99
2017-02-05,boleto,2101.91
2017-02-05,credit_card,8001.33
2017-02-05,voucher,50.0
2017-02-06,boleto,2817.89
2017-02-06,credit_card,8353.86
2017-02-06,debit_card,416.96
2017-02-06,voucher,37.29
2017-02-07,boleto,3670.35
2017-02-07,credit_card,12324.43
2017-02-07,debit_card,80.75
2017-02-07,voucher,551.6800000000001
2017-02-08,boleto,4823.88
2017-02-08,credit_card,8847.32
2017-02-08,debit_card,138.47
2017-02-08,voucher,490.29999999999995
2017-02-09,boleto,1328.43
2017-02-09,credit_card,9183.69
2017-02-09,debit_card,153.72
2017-02-09,voucher,178.32999999999998
2017-02-10,boleto,1121.54
2017-02-10,credit_card,14253.91
2017-02-10,voucher,298.64
2017-02-11,boleto,899.19
2017-02-11,credit_card,4693.81
2017-02-11,voucher,55.370000000000005
2017-02-12,boleto,2986.08
2017-02-12,credit_card,13504.68
2017-02-12,debit_card,72.63
2017-02-12,voucher,118.9
2017-02-13,boleto,2446.84
2017-02-13,credit_card,10232.69
2017-02-13,debit_card,97.52
2017-02-13,voucher,315.03999999999996
2017-02-14,boleto,2196.79
2017-02-14,credit_card,12859.84
2017-02-14,voucher,252.45
2017-02-15,boleto,1627.87
2017-02-15,credit_card,6504.02
2017-02-15,voucher,194.51
2017-02-16,boleto,1150.43
2017-02-16,credit_card,6586.78
2017-02-16,voucher,66.50999999999999
2017-02-17,boleto,1465.42
2017-02-17,credit_card,6493.75
2017-02-17,voucher,134.4
2017-02-18,boleto,1917.7
2017-02-18,credit_card,6738.84
2017-02-18,debit_card,96.65
2017-02-18,voucher,555.1099999999999
2017-02-19,boleto,1004.89
2017-02-19,credit_card,3241.92
2017-02-19,voucher,230.84
2017-02-20,boleto,3370.34
2017-02-20,credit_card,5470.32
2017-02-20,voucher,316.64
2017-02-21,boleto,1510.59
2017-02-21,credit_card,7678.75
2017-02-21,debit_card,83.12
2017-02-21,voucher,61.0
2017-02-22,boleto,2213.55
2017-02-22,credit_card,6943.9
2017-02-22,voucher,235.92
2017-02-23,boleto,1924.96
2017-02-23,credit_card,6354.68
2017-02-23,debit_card,115.34
2017-02-23,voucher,176.88
2017-02-24,boleto,1091.99
2017-02-24,credit_card,6273.2
2017-02-24,voucher,617.82
2017-02-25,boleto,1505.72
2017-02-25,credit_card,3236.76
2017-02-25,debit_card,134.91
2017-02-25,voucher,248.79
2017-02-26,boleto,467.54
2017-02-26,credit_card,6115.96
2017-02-27,boleto,326.08
2017-02-27,credit_card,6086.82
2017-02-27,voucher,423.87
2017-02-28,boleto,820.87
2017-02-28,credit_card,11685.41
2017-02-28,debit_card,76.24
2017-03-01,boleto,6098.06
2017-03-01,credit_card,12534.08
2017-03-01,voucher,291.03
2017-03-02,boleto,1508.87
2017-03-02,credit_card,11438.47
2017-03-02,debit_card,33.1
2017-03-02,voucher,165.92000000000002
2017-03-03,boleto,3435.75
2017-03-03,credit_card,10679.65
2017-03-03,voucher,39.31
2017-03-04,boleto,2319.01
2017-03-04,credit_card,12998.36
2017-03-04,debit_card,82.87
2017-03-04,voucher,133.45
2017-03-05,boleto,642.92
2017-03-05,credit_card,7658.86
2017-03-05,voucher,487.36
2017-03-06,boleto,2399.3
2017-03-06,credit_card,10827.619999999999
2017-03-06,debit_card,95.22
2017-03-06,voucher,192.98
2017-03-07,boleto,2064.97
2017-03-07,credit_card,11501.119999999999
2017-03-07,debit_card,109.04
2017-03-07,voucher,180.24
2017-03-08,boleto,2133.69
2017-03-08,credit_card,13815.59
2017-03-08,debit_card,536.87
2017-03-08,voucher,283.51
2017-03-09,boleto,3908.96
2017-03-09,credit_card,9198.19
2017-03-09,debit_card,56.52
2017-03-09,voucher,664.6600000000001
2017-03-10,boleto,3564.04
2017-03-10,credit_card,10496.6
2017-03-10,voucher,458.28000000000003
2017-03-11,boleto,2201.78
2017-03-11,credit_card,9833.12
2017-03-11,voucher,469.07
2017-03-12,boleto,1372.55
2017-03-12,credit_card,6424.67
2017-03-12,voucher,55.96
2017-03-13,boleto,2600.57
2017-03-13,credit_card,16068.99
2017-03-13,debit_card,324.58
2017-03-13,voucher,311.92
2017-03-14,boleto,3547.16
2017-03-14,credit_card,12389.83
2017-03-14,voucher,605.99
2017-03-15,boleto,2934.63
2017-03-15,credit_card,13864.92
2017-03-15,debit_card,79.57
2017-03-15,voucher,485.78999999999996
2017-03-16,boleto,3684.27
2017-03-16,credit_card,12930.5
2017-03-16,debit_card,38.95
2017-03-17,boleto,1551.25
2017-03-17,credit_card,11487.41
2017-03-17,debit_card,316.32
2017-03-17,voucher,256.3
2017-03-18,boleto,2475.77
2017-03-18,credit_card,14061.78
2017-03-18,voucher,1405.52
2017-03-19,boleto,896.9300000000001
2017-03-19,credit_card,6807.25
2017-03-19,voucher,23.9
2017-03-20,boleto,3290.29
2017-03-20,credit_card,16616.55
2017-03-20,voucher,108.09
2017-03-21,boleto,2890.84
2017-03-21,credit_card,11711.08
2017-03-21,voucher,335.59000000000003
2017-03-22,boleto,2171.73
2017-03-22,credit_card,13577.9
2017-03-22,debit_card,409.25
2017-03-22,voucher,231.26
2017-03-23,boleto,4387.21
2017-03-23,credit_card,17927.11
2017-03-23,debit_card,57.51
2017-03-23,voucher,541.54
2017-03-24,boleto,3529.84
2017-03-24,credit_card,9711.130000000001
2017-03-24,debit_card,95.22
2017-03-24,voucher,50.72
2017-03-25,boleto,1865.97
2017-03-25,credit_card,9041.36
2017-03-25,debit_card,82.48
2017-03-25,voucher,261.93
2017-03-26,boleto,1543.73
2017-03-26,credit_card,5296.83
2017-03-26,debit_card,170.41
2017-03-26,voucher,631.05
2017-03-27,boleto,5584.1
2017-03-27,credit_card,13980.14
2017-03-27,debit_card,795.08
2017-03-27,voucher,189.97
2017-03-28,boleto,3055.27
2017-03-28,credit_card,11406.11
2017-03-28,voucher,377.2
2017-03-29,boleto,2095.2599999999998
2017-03-29,credit_card,8006.49
2017-03-29,debit_card,35.18
2017-03-29,voucher,72.18
2017-03-30,boleto,1318.15
2017-03-30,credit_card,9912.61
2017-03-30,voucher,204.24
2017-03-31,boleto,1087.66
2017-03-31,credit_card,12284.619999999999
2017-03-31,debit_card,274.63
2017-03-31,voucher,106.37
2017-04-01,boleto,3267.6
2017-04-01,credit_card,17071.0
2017-04-01,voucher,236.07999999999998
2017-04-02,boleto,1954.5
2017-04-02,credit_card,8508.03
2017-04-02,voucher,146.09
2017-04-03,boleto,4104.97
2017-04-03,credit_card,6503.67
2017-04-03,debit_card,63.12
2017-04-03,voucher,105.14
2017-04-04,boleto,2784.66
2017-04-04,credit_card,10654.36
2017-04-04,voucher,713.97
2017-04-05,boleto,2607.73
2017-04-05,credit_card,17773.34
2017-04-05,voucher,393.48
2017-04-06,boleto,8696.71
2017-04-06,credit_card,17571.72
2017-04-06,debit_card,101.01
2017-04-06,voucher,494.14
2017-04-07,boleto,3270.3799999999997
2017-04-07,credit_card,11102.32
2017-04-07,voucher,671.02
2017-04-08,boleto,1489.3799999999999
2017-04-08,credit_card,7903.75
2017-04-08,debit_card,60.33
2017-04-08,voucher,837.28
2017-04-09,boleto,952.33
2017-04-09,credit_card,8294.12
2017-04-09,debit_card,99.32
2017-04-09,voucher,343.64
2017-04-10,boleto,2223.7799999999997
2017-04-10,credit_card,9808.57
2017-04-10,debit_card,59.42
2017-04-10,voucher,1400.33
2017-04-11,boleto,1607.97
2017-04-11,credit_card,8040.46
2017-04-11,debit_card,43.72
2017-04-11,voucher,185.94
2017-04-12,boleto,2043.65
2017-04-12,credit_card,6948.8
2017-04-12,debit_card,82.97
2017-04-12,voucher,332.52
2017-04-13,boleto,1274.38
2017-04-13,credit_card,9819.72
2017-04-13,voucher,122.01
2017-04-14,boleto,656.31
2017-04-14,credit_card,9757.7
2017-04-14,debit_card,101.89
2017-04-15,boleto,1564.63
2017-04-15,credit_card,7698.09
2017-04-15,debit_card,37.86
2017-04-15,voucher,90.98
2017-04-16,boleto,946.06
2017-04-16,credit_card,5215.58
2017-04-16,debit_card,115.9
2017-04-16,voucher,254.67000000000002
2017-04-17,boleto,1929.73
2017-04-17,credit_card,8177.1900000000005
2017-04-17,debit_card,347.89
2017-04-17,voucher,310.76
2017-04-18,boleto,1585.1599999999999
2017-04-18,credit_card,21299.47
2017-04-18,debit_card,393.46
2017-04-18,voucher,155.76999999999998
2017-04-19,boleto,3569.92
2017-04-19,credit_card,10104.24
2017-04-19,debit_card,40.95
2017-04-19,voucher,226.14000000000001
2017-04-20,boleto,3949.52
2017-04-20,credit_card,10994.68
2017-04-20,voucher,1111.8
2017-04-21,boleto,1996.71
2017-04-21,credit_card,6986.87
2017-04-21,debit_card,334.62
2017-04-21,voucher,844.4
2017-04-22,boleto,2949.89
2017-04-22,credit_card,11640.67
2017-04-22,debit_card,221.76
2017-04-22,voucher,192.74
2017-04-23,boleto,2968.7
2017-04-23,credit_card,8568.18
2017-04-23,voucher,303.03
2017-04-24,boleto,5645.09
2017-04-24,credit_card,11527.49
2017-04-24,debit_card,135.24
2017-04-24,voucher,403.75
2017-04-25,boleto,4569.66
2017-04-25,credit_card,12059.66
2017-04-25,debit_card,395.17999999999995
2017-04-25,voucher,151.85
2017-04-26,boleto,2080.39
2017-04-26,credit_card,16056.57
2017-04-26,voucher,559.13
2017-04-27,boleto,2531.26
2017-04-27,credit_card,9749.5
2017-04-27,debit_card,20.82
2017-04-27,voucher,153.51999999999998
2017-04-28,boleto,5615.91
2017-04-28,credit_card,11718.96
2017-04-28,debit_card,134.54
2017-04-28,voucher,593.88
2017-04-29,boleto,1260.94
2017-04-29,credit_card,12451.289999999999
2017-04-29,voucher,123.05000000000001
2017-04-30,boleto,1209.32
2017-04-30,credit_card,8081.72
2017-04-30,voucher,145.96
2017-05-01,boleto,1990.8
2017-05-01,credit_card,12686.07
2017-05-01,debit_card,29.95
2017-05-01,voucher,162.85000000000002
2017-05-02,boleto,4327.4
2017-05-02,credit_card,16122.18
2017-05-02,voucher,223.5
2017-05-03,boleto,2210.43
2017-05-03,credit_card,9377.57
2017-05-03,debit_card,47.01
2017-05-03,voucher,557.33
2017-05-04,boleto,3517.32
2017-05-04,credit_card,11928.59
2017-05-04,debit_card,333.44
2017-05-04,voucher,122.37
2017-05-05,boleto,4117.49
2017-05-05,credit_card,11487.199999999999
2017-05-05,voucher,979.89
2017-05-06,boleto,1321.0
2017-05-06,credit_card,17727.09
2017-05-06,debit_card,111.2
2017-05-06,voucher,68.25999999999999
2017-05-07,boleto,2090.85
2017-05-07,credit_card,17969.22
2017-05-07,debit_card,148.22
2017-05-07,voucher,259.69
2017-05-08,boleto,3345.78
2017-05-08,credit_card,15432.6
2017-05-08,voucher,416.3
2017-05-09,boleto,11199.43
2017-05-09,credit_card,12550.85
2017-05-09,debit_card,247.48000000000002
2017-05-09,voucher,247.29
2017-05-10,boleto,7610.43
2017-05-10,credit_card,15365.33
2017-05-10,debit_card,42.78
2017-05-10,voucher,399.86
2017-05-11,boleto,5731.43
2017-05-11,credit_card,14748.01
2017-05-11,voucher,724.6
2017-05-12,boleto,3412.15
2017-05-12,credit_card,11572.83
2017-05-12,debit_card,92.09
2017-05-12,voucher,237.39
2017-05-13,boleto,1938.75
2017-05-13,credit_card,8379.91
2017-05-13,debit_card,250.51
2017-05-13,voucher,106.5
2017-05-14,boleto,1467.97
2017-05-14,credit_card,14894.35
2017-05-14,debit_card,188.45
2017-05-14,voucher,1001.0600000000001
2017-05-15,boleto,8753.12
2017-05-15,credit_card,11944.0
2017-05-15,debit_card,196.92
2017-05-15,voucher,1012.97
2017-05-16,boleto,4304.01
2017-05-16,credit_card,19481.66
2017-05-16,voucher,749.9
2017-05-17,boleto,3884.48
2017-05-17,credit_card,17173.55
2017-05-17,debit_card,49.53
2017-05-17,voucher,288.77
2017-05-18,boleto,4245.0
2017-05-18,credit_card,16200.14
2017-05-18,debit_card,94.3
2017-05-18,voucher,322.35
2017-05-19,boleto,3224.4700000000003
2017-05-19,credit_card,17469.96
2017-05-19,voucher,830.66
2017-05-20,boleto,2257.73
2017-05-20,credit_card,9417.78
2017-05-20,voucher,688.66
2017-05-21,boleto,4639.31
2017-05-21,credit_card,15299.22
2017-05-21,debit_card,143.83
2017-05-21,voucher,286.17
2017-05-22,boleto,5985.0
2017-05-22,credit_card,21496.65
2017-05-22,debit_card,544.11
2017-05-22,voucher,880.84
2017-05-23,boleto,2378.67
2017-05-23,credit_card,17832.2
2017-05-23,voucher,411.6
2017-05-24,boleto,10758.15
2017-05-24,credit_card,14937.67
2017-05-24,debit_card,175.28
2017-05-24,voucher,1120.8500000000001
2017-05-25,boleto,3075.34
2017-05-25,credit_card,14095.69
2017-05-25,voucher,1249.63
2017-05-26,boleto,2532.59
2017-05-26,credit_card,9990.22
2017-05-26,debit_card,65.0
2017-05-26,voucher,92.71000000000001
2017-05-27,boleto,2859.68
2017-05-27,credit_card,13172.67
2017-05-27,voucher,301.19
2017-05-28,boleto,2110.76
2017-05-28,credit_card,8657.43
2017-05-28,debit_card,29.69
2017-05-28,voucher,322.83
2017-05-29,boleto,3271.11
2017-05-29,credit_card,17525.31
2017-05-29,debit_card,233.62
2017-05-29,voucher,1195.05
2017-05-30,boleto,4793.75
2017-05-30,credit_card,11944.41
2017-05-30,voucher,336.2
2017-05-31,boleto,5298.5
2017-05-31,credit_card,18166.95
2017-05-31,voucher,597.93
2017-06-01,boleto,7725.3
2017-06-01,credit_card,13475.68
2017-06-01,voucher,580.4
2017-06-02,boleto,3340.58
2017-06-02,credit_card,17645.44
2017-06-02,voucher,783.36
2017-06-03,boleto,2411.2
2017-06-03,credit_card,9289.98
2017-06-03,debit_card,62.45
2017-06-03,voucher,501.81
2017-06-04,boleto,1431.45
2017-06-04,credit_card,13842.119999999999
2017-06-04,debit_card,310.23
2017-06-04,voucher,445.69
2017-06-05,boleto,5513.48
2017-06-05,credit_card,21187.51
2017-06-05,debit_card,58.58
2017-06-05,voucher,640.97
2017-06-06,boleto,2686.34
2017-06-06,credit_card,14543.71
2017-06-06,debit_card,198.44
2017-06-06,voucher,96.6
2017-06-07,boleto,2731.54
2017-06-07,credit_card,12816.79
2017-06-07,debit_card,42.78
2017-06-07,voucher,481.51
2017-06-08,boleto,4206.37
2017-06-08,credit_card,17417.14
2017-06-08,debit_card,32.78
2017-06-08,voucher,449.99
2017-06-09,boleto,4399.219999999999
2017-06-09,credit_card,12753.47
2017-06-09,debit_card,569.23
2017-06-09,voucher,1016.6100000000001
2017-06-10,boleto,1985.7
2017-06-10,credit_card,7611.6900000000005
2017-06-10,voucher,294.71
2017-06-11,boleto,3638.36
2017-06-11,credit_card,15147.19
2017-06-11,debit_card,47.68
2017-06-11,voucher,515.31
2017-06-12,boleto,5470.17
2017-06-12,credit_card,10729.18
2017-06-12,debit_card,224.7
2017-06-12,voucher,965.15
2017-06-13,boleto,3003.66
2017-06-13,credit_card,13409.85
2017-06-13,debit_card,97.7
2017-06-13,voucher,383.68
2017-06-14,boleto,5896.889999999999
2017-06-14,credit_card,17299.95
2017-06-14,debit_card,249.06
2017-06-14,voucher,113.62
2017-06-15,boleto,2210.83
2017-06-15,credit_card,12654.86
2017-06-15,voucher,239.57
2017-06-16,boleto,1580.74
2017-06-16,credit_card,12591.47
2017-06-16,debit_card,32.09
2017-06-16,voucher,573.39
2017-06-17,boleto,3126.67
2017-06-17,credit_card,9511.130000000001
2017-06-17,voucher,432.36
2017-06-18,boleto,4216.92
2017-06-18,credit_card,15211.02
2017-06-18,voucher,305.75
2017-06-19,boleto,6906.57
2017-06-19,credit_card,18680.04
2017-06-19,voucher,346.83000000000004
2017-06-20,boleto,3530.94
2017-06-20,credit_card,10654.03
2017-06-20,voucher,474.85
2017-06-21,boleto,1649.49
2017-06-21,credit_card,5593.88
2017-06-21,voucher,31.73
2017-06-22,boleto,1593.48
2017-06-22,credit_card,8996.56
2017-06-22,voucher,19.0
2017-06-23,boleto,5327.8099999999995
2017-06-23,credit_card,10263.78
2017-06-23,debit_card,51.63
2017-06-23,voucher,55.28
2017-06-24,boleto,4502.78
2017-06-24,credit_card,5423.89
2017-06-24,voucher,87.03
2017-06-25,boleto,3031.6
2017-06-25,credit_card,17344.68
2017-06-25,voucher,358.06
2017-06-26,boleto,2572.74
2017-06-26,credit_card,12500.86
2017-06-26,voucher,126.72
2017-06-27,boleto,4991.33
2017-06-27,credit_card,13045.62
2017-06-27,debit_card,77.66
2017-06-27,voucher,1565.52
2017-06-28,boleto,3116.15
2017-06-28,credit_card,13665.58
2017-06-28,debit_card,85.16
2017-06-28,voucher,213.99
2017-06-29,boleto,2317.33
2017-06-29,credit_card,11823.49
2017-06-29,debit_card,137.32
2017-06-29,voucher,416.43
2017-06-30,boleto,2658.52
2017-06-30,credit_card,13137.68
2017-06-30,debit_card,146.68
2017-06-30,voucher,293.86
2017-07-01,boleto,1492.9099999999999
2017-07-01,credit_card,12168.0
2017-07-01,voucher,478.09000000000003
2017-07-02,boleto,2828.45
2017-07-02,credit_card,10384.42
2017-07-02,debit_card,26.77
2017-07-02,voucher,762.73
2017-07-03,boleto,3557.19
2017-07-03,credit_card,15176.02
2017-07-03,voucher,594.97
2017-07-04,boleto,4325.2300000000005
2017-07-04,credit_card,13332.42
2017-07-04,voucher,449.95
2017-07-05,boleto,4764.91
2017-07-05,credit_card,19265.92
2017-07-05,voucher,633.75
2017-07-06,boleto,7861.21
2017-07-06,credit_card,17199.16
2017-07-06,debit_card,133.85
2017-07-06,voucher,1361.8500000000001
2017-07-07,boleto,3144.8
2017-07-07,credit_card,12363.35
2017-07-07,debit_card,515.49
2017-07-07,voucher,653.11
2017-07-08,boleto,2136.15
2017-07-08,credit_card,9667.07
2017-07-08,voucher,198.13
2017-07-09,boleto,1823.37
2017-07-09,credit_card,8499.5
2017-07-09,debit_card,36.0
2017-07-09,voucher,342.27
2017-07-10,boleto,6025.599999999999
2017-07-10,credit_card,13903.02
2017-07-10,debit_card,370.89
2017-07-10,voucher,362.28999999999996
2017-07-11,boleto,4945.58
2017-07-11,credit_card,19594.27
2017-07-11,debit_card,62.17
2017-07-11,voucher,362.61
2017-07-12,boleto,5560.13
2017-07-12,credit_card,16419.38
2017-07-12,debit_card,288.37
2017-07-12,voucher,472.92
2017-07-13,boleto,5989.860000000001
2017-07-13,credit_card,11063.1
2017-07-13,voucher,933.79
2017-07-14,boleto,4436.22
2017-07-14,credit_card,17018.29
2017-07-14,debit_card,263.66999999999996
2017-07-14,voucher,115.08
2017-07-15,boleto,2055.7
2017-07-15,credit_card,10870.93
2017-07-15,voucher,201.42000000000002
2017-07-16,boleto,2132.11
2017-07-16,credit_card,13831.09
2017-07-16,voucher,187.03
2017-07-17,boleto,3038.56
2017-07-17,credit_card,21806.68
2017-07-17,voucher,954.3
2017-07-18,boleto,7943.88
2017-07-18,credit_card,23179.61
2017-07-18,debit_card,73.34
2017-07-18,voucher,1254.06
2017-07-19,boleto,4766.83
2017-07-19,credit_card,14703.77
2017-07-19,debit_card,195.76
2017-07-19,voucher,745.39
2017-07-20,boleto,4915.05
2017-07-20,credit_card,16550.53
2017-07-20,debit_card,39.17
2017-07-20,voucher,1013.09
2017-07-21,boleto,2781.36
2017-07-21,credit_card,12238.32
2017-07-21,voucher,851.11
2017-07-22,boleto,2496.11
2017-07-22,credit_card,10618.210000000001
2017-07-22,voucher,204.22
2017-07-23,boleto,2641.05
2017-07-23,credit_card,10783.21
2017-07-23,voucher,642.57
2017-07-24,boleto,5220.4800000000005
2017-07-24,credit_card,17255.16
2017-07-24,debit_card,118.46
2017-07-24,voucher,355.90999999999997
2017-07-25,boleto,4787.51
2017-07-25,credit_card,14836.72
2017-07-25,debit_card,171.0
2017-07-25,voucher,1089.47
2017-07-26,boleto,2740.69
2017-07-26,credit_card,10650.9
2017-07-26,debit_card,50.09
2017-07-26,voucher,612.16
2017-07-27,boleto,2990.73
2017-07-27,credit_card,15837.92
2017-07-27,voucher,117.17
2017-07-28,boleto,3999.16
2017-07-28,credit_card,19177.14
2017-07-28,voucher,100.0
2017-07-29,boleto,1157.8999999999999
2017-07-29,credit_card,16174.88
2017-07-29,voucher,1039.1299999999999
2017-07-30,boleto,1122.6299999999999
2017-07-30,credit_card,13743.34
2017-07-30,voucher,475.72
2017-07-31,boleto,3094.12
2017-07-31,credit_card,16676.14
2017-07-31,voucher,709.65
2017-08-01,boleto,4633.1
2017-08-01,credit_card,20734.26
2017-08-01,voucher,50.0
2017-08-02,boleto,4630.23
2017-08-02,credit_card,16352.64
2017-08-02,voucher,707.39
2017-08-03,boleto,4280.88
2017-08-03,credit_card,17759.16
2017-08-03,voucher,340.51
2017-08-04,boleto,4083.93
2017-08-04,credit_card,17219.92
2017-08-04,debit_card,96.02
2017-08-04,voucher,312.66
2017-08-05,boleto,1269.96
2017-08-05,credit_card,12157.3
2017-08-05,voucher,1038.58
2017-08-06,boleto,2466.9700000000003
2017-08-06,credit_card,14363.53
2017-08-06,debit_card,88.18
2017-08-06,voucher,104.71000000000001
2017-08-07,boleto,7778.95
2017-08-07,credit_card,17805.58
2017-08-07,debit_card,279.59
2017-08-07,voucher,765.22
2017-08-08,boleto,4043.96
2017-08-08,credit_card,16940.72
2017-08-08,voucher,556.45
2017-08-09,boleto,3980.48
2017-08-09,credit_card,19381.08
2017-08-09,debit_card,60.37
2017-08-09,voucher,792.46
2017-08-10,boleto,7707.22
2017-08-10,credit_card,15399.73
2017-08-10,debit_card,111.65
2017-08-10,voucher,375.42
2017-08-11,boleto,5214.110000000001
2017-08-11,credit_card,17682.76
2017-08-11,voucher,730.24
2017-08-12,boleto,2874.65
2017-08-12,credit_card,13135.93
2017-08-12,voucher,210.51
2017-08-13,boleto,3673.59
2017-08-13,credit_card,11938.09
2017-08-13,debit_card,50.6
2017-08-13,voucher,266.3
2017-08-14,boleto,4795.78
2017-08-14,credit_card,16678.38
2017-08-14,debit_card,264.07
2017-08-14,voucher,493.89
2017-08-15,boleto,6506.71
2017-08-15,credit_card,20062.6
2017-08-15,debit_card,94.91
2017-08-15,voucher,1327.82
2017-08-16,boleto,3037.34
2017-08-16,credit_card,24106.0
2017-08-16,debit_card,505.09999999999997
2017-08-16,voucher,750.17
2017-08-17,boleto,4733.8
2017-08-17,credit_card,16583.77
2017-08-17,debit_card,194.43
2017-08-17,voucher,373.09000000000003
2017-08-18,boleto,5534.889999999999
2017-08-18,credit_card,13544.33
2017-08-18,debit_card,136.67000000000002
2017-08-18,voucher,927.83
2017-08-19,boleto,2125.74
2017-08-19,credit_card,12639.32
2017-08-19,voucher,407.86
2017-08-20,boleto,1971.24
2017-08-20,credit_card,12781.98
2017-08-20,debit_card,64.62
2017-08-20,voucher,255.87
2017-08-21,boleto,4741.31
2017-08-21,credit_card,20714.1
2017-08-21,debit_card,75.16
2017-08-21,voucher,489.15
2017-08-22,boleto,3608.75
2017-08-22,credit_card,15418.15
2017-08-22,debit_card,194.57
2017-08-22,voucher,733.98
2017-08-23,boleto,4306.05
2017-08-23,credit_card,14037.0
2017-08-23,debit_card,278.09
2017-08-23,voucher,168.56
2017-08-24,boleto,4408.62
2017-08-24,credit_card,11862.44
2017-08-24,voucher,127.67
2017-08-25,boleto,4313.2
2017-08-25,credit_card,12943.62
2017-08-25,voucher,146.9
2017-08-26,boleto,2225.5299999999997
2017-08-26,credit_card,9173.37
2017-08-26,debit_card,130.15
2017-08-26,voucher,525.6
2017-08-27,boleto,2264.46
2017-08-27,credit_card,13500.23
2017-08-27,debit_card,64.0
2017-08-27,voucher,498.45000000000005
2017-08-28,boleto,3491.64
2017-08-28,credit_card,21994.73
2017-08-28,voucher,210.22
2017-08-29,boleto,7206.17
2017-08-29,credit_card,29149.3
2017-08-29,debit_card,163.78
2017-08-29,voucher,506.45
2017-08-30,boleto,7499.15
2017-08-30,credit_card,27203.36
2017-08-30,debit_card,84.23
2017-08-30,voucher,679.53
2017-08-31,boleto,4881.4
2017-08-31,credit_card,18332.31
2017-08-31,debit_card,200.64999999999998
2017-08-31,voucher,500.49
2017-09-01,boleto,2928.1
2017-09-01,credit_card,28126.03
2017-09-01,debit_card,439.65999999999997
2017-09-01,voucher,991.48
2017-09-02,boleto,3043.28
2017-09-02,credit_card,17000.69
2017-09-02,debit_card,42.0
2017-09-02,voucher,393.21
2017-09-03,boleto,2141.5
2017-09-03,credit_card,28559.75
2017-09-03,debit_card,182.98
2017-09-03,voucher,66.55
2017-09-04,boleto,6734.83
2017-09-04,credit_card,21021.05
2017-09-04,debit_card,122.31
2017-09-04,voucher,841.05
2017-09-05,boleto,5061.99
2017-09-05,credit_card,19019.34
2017-09-05,debit_card,97.64
2017-09-05,voucher,775.71
2017-09-06,boleto,6318.86
2017-09-06,credit_card,20000.07
2017-09-06,debit_card,520.22
2017-09-06,voucher,1982.68
2017-09-07,boleto,2194.4700000000003
2017-09-07,credit_card,17193.5
2017-09-07,debit_card,69.24
2017-09-07,voucher,1871.65
2017-09-08,boleto,4892.93
2017-09-08,credit_card,9468.25
2017-09-08,debit_card,205.42000000000002
2017-09-08,voucher,222.48000000000002
2017-09-09,boleto,2750.95
2017-09-09,credit_card,14795.800000000001
2017-09-09,voucher,134.47
2017-09-10,boleto,2265.33
2017-09-10,credit_card,18146.46
2017-09-10,voucher,566.81
2017-09-11,boleto,5814.89
2017-09-11,credit_card,20441.01
2017-09-11,debit_card,336.34000000000003
2017-09-11,voucher,511.65
2017-09-12,boleto,7880.07
2017-09-12,credit_card,24211.5
2017-09-12,debit_card,100.91
2017-09-12,voucher,592.48
2017-09-13,boleto,5633.75
2017-09-13,credit_card,25467.72
2017-09-13,debit_card,491.09999999999997
2017-09-13,voucher,461.8
2017-09-14,boleto,3144.37
2017-09-14,credit_card,22228.89
2017-09-14,debit_card,486.44
2017-09-14,voucher,642.8100000000001
2017-09-15,boleto,3537.13
2017-09-15,credit_card,17500.15
2017-09-15,debit_card,76.78999999999999
2017-09-15,voucher,442.59000000000003
2017-09-16,boleto,4630.94
2017-09-16,credit_card,19113.78
2017-09-16,voucher,295.59
2017-09-17,boleto,3344.62
2017-09-17,credit_card,19035.99
2017-09-17,debit_card,77.89
2017-09-17,voucher,389.92
2017-09-18,boleto,9628.35
2017-09-18,credit_card,21800.57
2017-09-18,debit_card,177.63
2017-09-18,voucher,928.68
2017-09-19,boleto,5970.65
2017-09-19,credit_card,16825.06
2017-09-19,voucher,682.9499999999999
2017-09-20,boleto,4358.74
2017-09-20,credit_card,20996.54
2017-09-20,debit_card,170.48
2017-09-20,voucher,644.32
2017-09-21,boleto,4311.82
2017-09-21,credit_card,17891.38
2017-09-21,debit_card,88.37
2017-09-21,voucher,166.62
2017-09-22,boleto,5658.66
2017-09-22,credit_card,12990.369999999999
2017-09-22,debit_card,31.24
2017-09-22,voucher,519.98
2017-09-23,boleto,1576.76
2017-09-23,credit_card,10687.64
2017-09-23,voucher,310.43
2017-09-24,boleto,2678.3
2017-09-24,credit_card,12460.55
2017-09-24,voucher,741.21
2017-09-25,boleto,5645.29
2017-09-25,credit_card,15421.24
2017-09-25,debit_card,53.0
2017-09-25,voucher,83.52
2017-09-26,boleto,4668.22
2017-09-26,credit_card,19604.27
2017-09-26,debit_card,479.09000000000003
2017-09-26,voucher,544.78
2017-09-27,boleto,4782.6
2017-09-27,credit_card,19073.1
2017-09-27,debit_card,27.68
2017-09-27,voucher,996.5600000000001
2017-09-28,boleto,4076.76
2017-09-28,credit_card,21700.43
2017-09-28,debit_card,319.8
2017-09-28,voucher,532.3100000000001
2017-09-29,boleto,3042.63
2017-09-29,credit_card,31337.12
2017-09-29,voucher,117.72
2017-09-30,boleto,2325.45
2017-09-30,credit_card,12365.9
2017-09-30,debit_card,94.13
2017-09-30,voucher,93.69
2017-10-01,boleto,3163.27
2017-10-01,credit_card,18121.91
2017-10-01,voucher,624.25
2017-10-02,boleto,3984.29
2017-10-02,credit_card,21005.7
2017-10-02,debit_card,100.78
2017-10-02,voucher,474.34000000000003
2017-10-03,boleto,6607.19
2017-10-03,credit_card,22677.149999999998
2017-10-03,debit_card,717.43
2017-10-03,voucher,387.35
2017-10-04,boleto,4773.63
2017-10-04,credit_card,18824.79
2017-10-04,voucher,1189.16
2017-10-05,boleto,4884.05
2017-10-05,credit_card,23834.75
2017-10-05,debit_card,157.64999999999998
2017-10-05,voucher,253.38
2017-10-06,boleto,3044.64
2017-10-06,credit_card,18157.33
2017-10-06,voucher,688.61
2017-10-07,boleto,2213.52
2017-10-07,credit_card,15253.18
2017-10-07,debit_card,191.28
2017-10-07,voucher,317.43
2017-10-08,boleto,2604.92
2017-10-08,credit_card,16415.27
2017-10-08,debit_card,347.7
2017-10-08,voucher,388.41
2017-10-09,boleto,8814.31
2017-10-09,credit_card,24360.11
2017-10-09,debit_card,505.76
2017-10-09,voucher,1585.39
2017-10-10,boleto,6384.16
2017-10-10,credit_card,25389.61
2017-10-10,voucher,785.3
2017-10-11,boleto,3750.79
2017-10-11,credit_card,21458.56
2017-10-11,debit_card,360.45
2017-10-11,voucher,644.98
2017-10-12,boleto,2663.13
2017-10-12,credit_card,19320.12
2017-10-12,debit_card,145.09
2017-10-12,voucher,392.59000000000003
2017-10-13,boleto,6518.58
2017-10-13,credit_card,19293.82
2017-10-13,debit_card,68.02
2017-10-13,voucher,709.5
2017-10-14,boleto,2942.05
2017-10-14,credit_card,12321.19
2017-10-14,debit_card,35.0
2017-10-14,voucher,887.22
2017-10-15,boleto,2427.06
2017-10-15,credit_card,18096.78
2017-10-15,debit_card,425.13
2017-10-15,voucher,404.87
2017-10-16,boleto,6676.55
2017-10-16,credit_card,27135.46
2017-10-16,debit_card,255.64000000000001
2017-10-16,voucher,1247.77
2017-10-17,boleto,5951.68
2017-10-17,credit_card,28477.55
2017-10-17,debit_card,188.39000000000001
2017-10-17,voucher,670.5600000000001
2017-10-18,boleto,4679.82
2017-10-18,credit_card,26109.72
2017-10-18,debit_card,467.08
2017-10-18,voucher,537.05
2017-10-19,boleto,5254.51
2017-10-19,credit_card,21233.99
2017-10-19,debit_card,339.64
2017-10-19,voucher,160.66
2017-10-20,boleto,4127.29
2017-10-20,credit_card,17556.4
2017-10-20,voucher,295.51
2017-10-21,boleto,4947.04
2017-10-21,credit_card,12180.17
2017-10-21,debit_card,201.92000000000002
2017-10-21,voucher,693.1700000000001
2017-10-22,boleto,2313.14
2017-10-22,credit_card,20673.37
2017-10-22,voucher,286.53999999999996
2017-10-23,boleto,6491.2
2017-10-23,credit_card,18662.82
2017-10-23,debit_card,167.07999999999998
2017-10-23,voucher,672.31
2017-10-24,boleto,8509.49
2017-10-24,credit_card,17002.84
2017-10-24,voucher,226.94
2017-10-25,boleto,4093.8
2017-10-25,credit_card,16600.49
2017-10-25,debit_card,575.29
2017-10-25,voucher,200.95
2017-10-26,boleto,3280.95
2017-10-26,credit_card,22214.09
2017-10-26,debit_card,38.72
2017-10-26,voucher,881.79
2017-10-27,boleto,5385.37
2017-10-27,credit_card,17065.68
2017-10-27,debit_card,114.31
2017-10-27,voucher,922.81
2017-10-28,boleto,909.16
2017-10-28,credit_card,18612.56
2017-10-28,voucher,1050.9199999999998
2017-10-29,boleto,4378.39
2017-10-29,credit_card,15327.2
2017-10-29,debit_card,281.64
2017-10-29,voucher,457.45
2017-10-30,boleto,4480.81
2017-10-30,credit_card,18597.38
2017-10-30,debit_card,92.57
2017-10-30,voucher,571.1
2017-10-31,boleto,4378.66
2017-10-31,credit_card,22347.9
2017-10-31,voucher,331.66
2017-11-01,boleto,7156.59
2017-11-01,credit_card,15057.59
2017-11-01,debit_card,156.79000000000002
2017-11-01,voucher,331.19
2017-11-02,boleto,3320.18
2017-11-02,credit_card,21566.55
2017-11-02,debit_card,55.24
2017-11-02,voucher,75.19
2017-11-03,boleto,4190.63
2017-11-03,credit_card,21922.64
2017-11-03,debit_card,114.47
2017-11-03,voucher,830.78
2017-11-04,boleto,4185.34
2017-11-04,credit_card,17304.86
2017-11-04,debit_card,65.71
2017-11-04,voucher,738.9
2017-11-05,boleto,5402.5
2017-11-05,credit_card,15928.619999999999
2017-11-05,debit_card,200.6
2017-11-05,voucher,220.85
2017-11-06,boleto,10381.56
2017-11-06,credit_card,22465.4
2017-11-06,debit_card,167.95
2017-11-06,voucher,930.23
2017-11-07,boleto,3414.9
2017-11-07,credit_card,20066.68
2017-11-07,debit_card,516.83
2017-11-07,voucher,946.8
2017-11-08,boleto,4111.47
2017-11-08,credit_card,18075.03
2017-11-08,debit_card,163.01999999999998
2017-11-08,voucher,1087.18
2017-11-09,boleto,6628.179999999999
2017-11-09,credit_card,21537.07
2017-11-09,debit_card,64.1
2017-11-09,voucher,946.48
2017-11-10,boleto,5936.63
2017-11-10,credit_card,16418.21
2017-11-10,debit_card,196.99
2017-11-10,voucher,1124.87
2017-11-11,boleto,5254.5199999999995
2017-11-11,credit_card,21880.19
2017-11-11,voucher,443.92
2017-11-12,boleto,3341.5299999999997
2017-11-12,credit_card,23100.58
2017-11-12,debit_card,162.38
2017-11-12,voucher,120.59
2017-11-13,boleto,7122.43
2017-11-13,credit_card,22180.01
2017-11-13,debit_card,91.95
2017-11-13,voucher,211.85000000000002
2017-11-14,boleto,8555.9
2017-11-14,credit_card,22908.12
2017-11-14,debit_card,114.41
2017-11-14,voucher,434.17
2017-11-15,boleto,5302.6900000000005
2017-11-15,credit_card,21920.37
2017-11-15,debit_card,62.68
2017-11-15,voucher,397.61
2017-11-16,boleto,9278.75
2017-11-16,credit_card,22802.16
2017-11-16,debit_card,118.62
2017-11-16,voucher,863.74
2017-11-17,boleto,6886.58
2017-11-17,credit_card,27807.31
2017-11-17,debit_card,259.12
2017-11-17,voucher,433.83000000000004
2017-11-18,boleto,3542.98
2017-11-18,credit_card,23523.54
2017-11-18,debit_card,365.86
2017-11-18,voucher,536.1899999999999
2017-11-19,boleto,2873.76
2017-11-19,credit_card,19907.53
2017-11-19,debit_card,321.58
2017-11-19,voucher,209.73000000000002
2017-11-20,boleto,9277.23
2017-11-20,credit_card,40925.86
2017-11-20,debit_card,102.23
2017-11-20,voucher,315.91999999999996
2017-11-21,boleto,9444.81
2017-11-21,credit_card,30080.66
2017-11-21,debit_card,64.03
2017-11-21,voucher,242.35
2017-11-22,boleto,6200.2
2017-11-22,credit_card,23914.17
2017-11-22,debit_card,416.34
2017-11-22,voucher,190.91000000000003
2017-11-23,boleto,8259.79
2017-11-23,credit_card,43334.26
2017-11-23,debit_card,178.39000000000001
2017-11-23,voucher,812.1800000000001
2017-11-24,boleto,32249.56
2017-11-24,credit_card,144576.02
2017-11-24,debit_card,759.26
2017-11-24,voucher,1615.19
2017-11-25,boleto,8209.4
2017-11-25,credit_card,62565.41
2017-11-25,debit_card,46.31
2017-11-25,voucher,1075.8899999999999
2017-11-26,boleto,6916.38
2017-11-26,credit_card,45375.15
2017-11-26,debit_card,508.45
2017-11-26,voucher,1139.89
2017-11-27,boleto,9384.94
2017-11-27,credit_card,46449.55
2017-11-27,debit_card,379.52
2017-11-27,voucher,752.27
2017-11-28,boleto,12172.0
2017-11-28,credit_card,43660.07
2017-11-28,debit_card,92.62
2017-11-28,voucher,783.72
2017-11-29,boleto,10445.05
2017-11-29,credit_card,36450.61
2017-11-29,debit_card,94.25
2017-11-29,voucher,1053.25
2017-11-30,boleto,6845.86
2017-11-30,credit_card,29152.45
2017-11-30,debit_card,328.4
2017-11-30,voucher,700.02
2017-12-01,boleto,7320.93
2017-12-01,credit_card,38362.75
2017-12-01,voucher,397.16
2017-12-02,boleto,6058.04
2017-12-02,credit_card,28882.49
2017-12-02,debit_card,385.90999999999997
2017-12-02,voucher,582.07
2017-12-03,boleto,7273.7300000000005
2017-12-03,credit_card,26383.14
2017-12-03,debit_card,673.3199999999999
2017-12-03,voucher,473.0
2017-12-04,boleto,13430.4
2017-12-04,credit_card,42107.49
2017-12-04,debit_card,85.14
2017-12-04,voucher,602.38
2017-12-05,boleto,9463.0
2017-12-05,credit_card,29874.95
2017-12-05,debit_card,556.86
2017-12-05,voucher,812.96
2017-12-06,boleto,8926.84
2017-12-06,credit_card,36397.82
2017-12-06,debit_card,347.77
2017-12-06,voucher,477.2
2017-12-07,boleto,7270.95
2017-12-07,credit_card,25383.47
2017-12-07,debit_card,367.87
2017-12-07,voucher,641.91
2017-12-08,boleto,7228.1
2017-12-08,credit_card,26757.16
2017-12-08,debit_card,716.24
2017-12-08,voucher,459.32
2017-12-09,boleto,2056.41
2017-12-09,credit_card,20946.99
2017-12-09,debit_card,219.07999999999998
2017-12-09,voucher,417.03999999999996
2017-12-10,boleto,6699.33
2017-12-10,credit_card,22137.09
2017-12-10,debit_card,207.15
2017-12-10,voucher,740.6899999999999
2017-12-11,boleto,7060.38
2017-12-11,credit_card,31658.99
2017-12-11,debit_card,74.56
2017-12-11,voucher,621.5
2017-12-12,boleto,5669.33
2017-12-12,credit_card,34082.25
2017-12-12,voucher,618.81
2017-12-13,boleto,7605.05
2017-12-13,credit_card,25051.25
2017-12-13,debit_card,242.65
2017-12-13,voucher,1486.1299999999999
2017-12-14,boleto,7041.32
2017-12-14,credit_card,23048.66
2017-12-14,voucher,664.3299999999999
2017-12-15,boleto,4607.7
2017-12-15,credit_card,26005.670000000002
2017-12-15,debit_card,256.62
2017-12-15,voucher,581.64
2017-12-16,boleto,2662.02
2017-12-16,credit_card,18954.15
2017-12-16,debit_card,327.8
2017-12-16,voucher,963.08
2017-12-17,boleto,1982.26
2017-12-17,credit_card,17239.57
2017-12-17,debit_card,282.18
2017-12-17,voucher,2601.99
2017-12-18,boleto,7613.139999999999
2017-12-18,credit_card,25496.68
2017-12-18,debit_card,38.38
2017-12-18,voucher,749.9300000000001
2017-12-19,boleto,6583.0
2017-12-19,credit_card,16048.31
2017-12-19,debit_card,142.2
2017-12-19,voucher,1720.77
2017-12-20,boleto,6869.84
2017-12-20,credit_card,24295.14
2017-12-20,debit_card,228.33999999999997
2017-12-20,voucher,611.36
2017-12-21,boleto,5125.97
2017-12-21,credit_card,15835.2
2017-12-21,debit_card,296.87
2017-12-21,voucher,288.4
2017-12-22,boleto,3730.39
2017-12-22,credit_card,13628.87
2017-12-22,debit_card,367.07
2017-12-22,voucher,347.14
2017-12-23,boleto,2736.59
2017-12-23,credit_card,12306.95
2017-12-23,voucher,1382.1000000000001
2017-12-24,boleto,959.15
2017-12-24,credit_card,5627.0
2017-12-24,debit_card,187.96
2017-12-24,voucher,186.68
2017-12-25,boleto,1609.56
2017-12-25,credit_card,10678.19
2017-12-25,debit_card,105.8
2017-12-25,voucher,268.68
2017-12-26,boleto,4838.75
2017-12-26,credit_card,17945.54
2017-12-26,voucher,1013.1700000000001
2017-12-27,boleto,3399.01
2017-12-27,credit_card,16673.6
2017-12-27,debit_card,410.19
2017-12-27,voucher,591.49
2017-12-28,boleto,1885.84
2017-12-28,credit_card,14717.66
2017-12-28,debit_card,313.78999999999996
2017-12-28,voucher,876.56
2017-12-29,boleto,4449.74
2017-12-29,credit_card,15189.68
2017-12-29,voucher,913.22
2017-12-30,boleto,1724.35
2017-12-30,credit_card,13096.67
2017-12-30,debit_card,291.59000000000003
2017-12-30,voucher,300.0
2017-12-31,boleto,1702.93
2017-12-31,credit_card,8046.21
2017-12-31,voucher,441.79
2018-01-01,boleto,1468.48
2018-01-01,credit_card,6592.66
2018-01-01,debit_card,253.05
2018-01-01,voucher,172.1
2018-01-02,boleto,4389.01
2018-01-02,credit_card,23898.93
2018-01-02,debit_card,95.13
2018-01-02,voucher,1111.67
2018-01-03,boleto,7161.05
2018-01-03,credit_card,28647.38
2018-01-03,debit_card,700.77
2018-01-03,voucher,645.42
2018-01-04,boleto,10166.59
2018-01-04,credit_card,29332.61
2018-01-04,debit_card,76.95
2018-01-04,voucher,1422.0
2018-01-05,boleto,5352.7
2018-01-05,credit_card,26087.38
2018-01-05,debit_card,274.40999999999997
2018-01-05,voucher,627.46
2018-01-06,boleto,8390.77
2018-01-06,credit_card,23250.86
2018-01-06,debit_card,239.82
2018-01-06,voucher,830.39
2018-01-07,boleto,3545.98
2018-01-07,credit_card,29610.5
2018-01-07,debit_card,339.44
2018-01-07,voucher,497.56
2018-01-08,boleto,10763.1
2018-01-08,credit_card,33611.51
2018-01-08,debit_card,402.63
2018-01-08,voucher,533.36
2018-01-09,boleto,6313.13
2018-01-09,credit_card,28451.85
2018-01-09,debit_card,196.55
2018-01-09,voucher,478.47
2018-01-10,boleto,11733.37
2018-01-10,credit_card,31555.1
2018-01-10,debit_card,454.02
2018-01-10,voucher,1082.44
2018-01-11,boleto,12789.02
2018-01-11,credit_card,32454.81
2018-01-11,debit_card,196.51999999999998
2018-01-11,voucher,1306.03
2018-01-12,boleto,7276.75
2018-01-12,credit_card,28937.88
2018-01-12,debit_card,34.89
2018-01-12,voucher,1020.71
2018-01-13,boleto,4564.91
2018-01-13,credit_card,25667.72
2018-01-13,debit_card,484.16999999999996
2018-01-13,voucher,2505.58
2018-01-14,boleto,4382.75
2018-01-14,credit_card,30529.9
2018-01-14,debit_card,489.83000000000004
2018-01-14,voucher,590.98
2018-01-15,boleto,9419.49
2018-01-15,credit_card,32317.28
2018-01-15,debit_card,1025.3700000000001
2018-01-15,voucher,2446.15
2018-01-16,boleto,10332.52
2018-01-16,credit_card,39413.82
2018-01-16,debit_card,334.42
2018-01-16,voucher,1258.62
2018-01-17,boleto,6618.1
2018-01-17,credit_card,33716.29
2018-01-17,debit_card,799.3000000000001
2018-01-17,voucher,1018.2299999999999
2018-01-18,boleto,6134.6900000000005
2018-01-18,credit_card,25873.24
2018-01-18,debit_card,335.86
2018-01-18,voucher,694.9
2018-01-19,boleto,6351.08
2018-01-19,credit_card,28013.38
2018-01-19,debit_card,355.04
2018-01-19,voucher,930.13
2018-01-20,boleto,3425.31
2018-01-20,credit_card,22637.37
2018-01-20,debit_card,255.57
2018-01-20,voucher,641.75
2018-01-21,boleto,4117.25
2018-01-21,credit_card,23278.14
2018-01-21,debit_card,414.02
2018-01-21,voucher,638.01
2018-01-22,boleto,6292.47
2018-01-22,credit_card,35561.13
2018-01-22,debit_card,747.88
2018-01-22,voucher,1266.41
2018-01-23,boleto,7260.64
2018-01-23,credit_card,31583.12
2018-01-23,debit_card,763.85
2018-01-23,voucher,690.72
2018-01-24,boleto,6282.41
2018-01-24,credit_card,28656.24
2018-01-24,debit_card,97.86
2018-01-24,voucher,1988.72
2018-01-25,boleto,6684.08
2018-01-25,credit_card,28093.81
2018-01-25,voucher,558.09
2018-01-26,boleto,4917.38
2018-01-26,credit_card,33721.9
2018-01-26,voucher,669.66
2018-01-27,boleto,4459.63
2018-01-27,credit_card,19653.73
2018-01-27,debit_card,56.17
2018-01-27,voucher,937.24
2018-01-28,boleto,4757.9
2018-01-28,credit_card,22406.93
2018-01-28,debit_card,475.4
2018-01-28,voucher,164.67000000000002
2018-01-29,boleto,6643.36
2018-01-29,credit_card,27623.66
2018-01-29,debit_card,823.95
2018-01-29,voucher,965.5500000000001
2018-01-30,boleto,7777.98
2018-01-30,credit_card,26843.56
2018-01-30,debit_card,289.62
2018-01-30,voucher,612.45
2018-01-31,boleto,5072.76
2018-01-31,credit_card,30857.69
2018-01-31,debit_card,531.06
2018-01-31,voucher,1430.1200000000001
2018-02-01,boleto,5069.03
2018-02-01,credit_card,28921.8
2018-02-01,debit_card,602.97
2018-02-01,voucher,1174.1200000000001
2018-02-02,boleto,6241.05
2018-02-02,credit_card,25219.53
2018-02-02,debit_card,284.09000000000003
2018-02-02,voucher,787.78
2018-02-03,boleto,3410.37
2018-02-03,credit_card,23479.86
2018-02-03,voucher,681.9399999999999
2018-02-04,boleto,3171.17
2018-02-04,credit_card,24786.64
2018-02-04,voucher,304.1
2018-02-05,boleto,6399.07
2018-02-05,credit_card,35400.41
2018-02-05,debit_card,159.3
2018-02-05,voucher,1238.19
2018-02-06,boleto,9698.5
2018-02-06,credit_card,29615.79
2018-02-06,debit_card,236.84
2018-02-06,voucher,515.29
2018-02-07,boleto,7143.56
2018-02-07,credit_card,26624.08
2018-02-07,debit_card,261.61
2018-02-07,voucher,2500.46
2018-02-08,boleto,4495.87
2018-02-08,credit_card,25956.42
2018-02-08,debit_card,969.96
2018-02-08,voucher,488.76
2018-02-09,boleto,9049.36
2018-02-09,credit_card,25936.37
2018-02-09,debit_card,70.92
2018-02-09,voucher,317.53999999999996
2018-02-10,boleto,2746.14
2018-02-10,credit_card,22085.5
2018-02-10,debit_card,328.05
2018-02-10,voucher,105.63
2018-02-11,boleto,2897.52
2018-02-11,credit_card,22313.94
2018-02-11,debit_card,335.47
2018-02-11,voucher,582.53
2018-02-12,boleto,2878.57
2018-02-12,credit_card,24178.31
2018-02-12,debit_card,35.69
2018-02-12,voucher,897.98
2018-02-13,boleto,4084.57
2018-02-13,credit_card,24556.96
2018-02-13,debit_card,269.26
2018-02-13,voucher,113.38000000000001
2018-02-14,boleto,9002.01
2018-02-14,credit_card,32574.8
2018-02-14,debit_card,566.81
2018-02-14,voucher,1499.74
2018-02-15,boleto,8318.3
2018-02-15,credit_card,29328.72
2018-02-15,debit_card,263.61
2018-02-15,voucher,1314.12
2018-02-16,boleto,4697.8
2018-02-16,credit_card,26737.57
2018-02-16,debit_card,77.57
2018-02-16,voucher,354.53
2018-02-17,boleto,4816.85
2018-02-17,credit_card,24573.84
2018-02-17,debit_card,99.4
2018-02-17,voucher,121.46000000000001
2018-02-18,boleto,2939.34
2018-02-18,credit_card,25033.85
2018-02-18,debit_card,123.47
2018-02-18,voucher,975.2700000000001
2018-02-19,boleto,8294.17
2018-02-19,credit_card,24806.11
2018-02-19,debit_card,214.67000000000002
2018-02-19,voucher,421.01
2018-02-20,boleto,9031.44
2018-02-20,credit_card,32275.31
2018-02-20,debit_card,584.93
2018-02-20,voucher,815.01
2018-02-21,boleto,7450.98
2018-02-21,credit_card,28235.25
2018-02-21,debit_card,67.5
2018-02-21,voucher,2263.5299999999997
2018-02-22,boleto,9793.67
2018-02-22,credit_card,27045.94
2018-02-22,debit_card,445.3
2018-02-22,voucher,1499.3200000000002
2018-02-23,boleto,6349.43
2018-02-23,credit_card,25678.93
2018-02-23,voucher,1044.6
2018-02-24,boleto,4592.12
2018-02-24,credit_card,23070.4
2018-02-24,debit_card,262.52
2018-02-24,voucher,416.32
2018-02-25,boleto,6487.01
2018-02-25,credit_card,28036.25
2018-02-25,voucher,407.62
2018-02-26,boleto,11282.17
2018-02-26,credit_card,37929.42
2018-02-26,debit_card,565.5699999999999
2018-02-26,voucher,656.8000000000001
2018-02-27,boleto,10013.04
2018-02-27,credit_card,36225.1
2018-02-27,debit_card,465.26
2018-02-27,voucher,373.59000000000003
2018-02-28,boleto,12759.61
2018-02-28,credit_card,38175.9
2018-02-28,debit_card,178.76
2018-02-28,voucher,1207.47
2018-03-01,boleto,13476.73
2018-03-01,credit_card,31982.81
2018-03-01,debit_card,526.04
2018-03-01,voucher,761.82
2018-03-02,boleto,6388.82
2018-03-02,credit_card,29847.9
2018-03-02,debit_card,544.58
2018-03-02,voucher,769.01
2018-03-03,boleto,4279.81
2018-03-03,credit_card,27054.83
2018-03-03,voucher,447.15
2018-03-04,boleto,4634.43
2018-03-04,credit_card,32056.71
2018-03-04,debit_card,189.11
2018-03-04,voucher,599.55
2018-03-05,boleto,9517.65
2018-03-05,credit_card,35442.94
2018-03-05,debit_card,22.79
2018-03-05,voucher,652.23
2018-03-06,boleto,8795.27
2018-03-06,credit_card,36147.31
2018-03-06,debit_card,186.8
2018-03-06,voucher,841.86
2018-03-07,boleto,9560.210000000001
2018-03-07,credit_card,32256.21
2018-03-07,debit_card,175.53
2018-03-07,voucher,521.24
2018-03-08,boleto,7308.57
2018-03-08,credit_card,25988.170000000002
2018-03-08,debit_card,86.86
2018-03-08,voucher,458.52
2018-03-09,boleto,7489.58
2018-03-09,credit_card,25513.8
2018-03-09,debit_card,142.32
2018-03-09,voucher,677.37
2018-03-10,boleto,2432.6
2018-03-10,credit_card,28050.51
2018-03-10,debit_card,126.34
2018-03-10,voucher,495.55
2018-03-11,boleto,2698.89
2018-03-11,credit_card,33414.16
2018-03-11,debit_card,312.38
2018-03-11,voucher,192.92000000000002
2018-03-12,boleto,6948.43
2018-03-12,credit_card,28575.66
2018-03-12,debit_card,42.78
2018-03-12,voucher,364.02
2018-03-13,boleto,8296.09
2018-03-13,credit_card,32533.27
2018-03-13,debit_card,976.02
2018-03-13,voucher,374.2
2018-03-14,boleto,4841.95
2018-03-14,credit_card,22964.14
2018-03-14,debit_card,58.03
2018-03-14,voucher,553.13
2018-03-15,boleto,9070.59
2018-03-15,credit_card,41992.25
2018-03-15,debit_card,268.94
2018-03-15,voucher,603.5799999999999
2018-03-16,boleto,8479.4
2018-03-16,credit_card,28533.61
2018-03-16,voucher,1747.35
2018-03-17,boleto,1552.06
2018-03-17,credit_card,21872.329999999998
2018-03-17,debit_card,161.76
2018-03-17,voucher,414.06
2018-03-18,boleto,2528.82
2018-03-18,credit_card,32414.21
2018-03-18,debit_card,189.56
2018-03-18,voucher,943.79
2018-03-19,boleto,8404.95
2018-03-19,credit_card,43390.73
2018-03-19,debit_card,129.94
2018-03-19,voucher,781.6899999999999
2018-03-20,boleto,8435.53
2018-03-20,credit_card,31314.23
2018-03-20,debit_card,775.64
2018-03-20,voucher,2362.53
2018-03-21,boleto,5943.9
2018-03-21,credit_card,38327.18
2018-03-21,debit_card,356.25
2018-03-21,voucher,1854.76
2018-03-22,boleto,5528.85
2018-03-22,credit_card,29895.0
2018-03-22,debit_card,567.56
2018-03-22,voucher,998.38
2018-03-23,boleto,3312.48
2018-03-23,credit_card,30337.93
2018-03-23,debit_card,333.47999999999996
2018-03-23,voucher,833.83
2018-03-24,boleto,2117.89
2018-03-24,credit_card,25394.93
2018-03-24,voucher,198.6
2018-03-25,boleto,4135.9
2018-03-25,credit_card,25625.9
2018-03-25,debit_card,20.06
2018-03-25,voucher,410.94
2018-03-26,boleto,8704.49
2018-03-26,credit_card,31802.02
2018-03-26,debit_card,528.61
2018-03-26,voucher,1710.11
2018-03-27,boleto,6992.25
2018-03-27,credit_card,30640.25
2018-03-27,debit_card,859.65
2018-03-27,voucher,2141.43
2018-03-28,boleto,8492.17
2018-03-28,credit_card,25715.4
2018-03-28,debit_card,398.26
2018-03-28,voucher,544.89
2018-03-29,boleto,3459.4
2018-03-29,credit_card,28624.91
2018-03-29,debit_card,395.82
2018-03-29,voucher,1084.34
2018-03-30,boleto,4074.34
2018-03-30,credit_card,21525.45
2018-03-30,voucher,679.96
2018-03-31,boleto,3635.97
2018-03-31,credit_card,24535.35
2018-03-31,voucher,950.08
2018-04-01,boleto,4110.4400000000005
2018-04-01,credit_card,28850.81
2018-04-01,debit_card,436.45000000000005
2018-04-01,voucher,791.3
2018-04-02,boleto,8305.98
2018-04-02,credit_card,38708.58
2018-04-02,debit_card,277.57000000000005
2018-04-02,voucher,784.3199999999999
2018-04-03,boleto,10042.66
2018-04-03,credit_card,31492.38
2018-04-03,debit_card,213.67
2018-04-03,voucher,438.61
2018-04-04,boleto,9375.68
2018-04-04,credit_card,33303.42
2018-04-04,debit_card,297.17
2018-04-04,voucher,591.55
2018-04-05,boleto,6432.7300000000005
2018-04-05,credit_card,33986.2
2018-04-05,debit_card,240.58
2018-04-05,voucher,1559.66
2018-04-06,boleto,8086.41
2018-04-06,credit_card,23370.87
2018-04-06,debit_card,45.22
2018-04-06,voucher,782.86
2018-04-07,boleto,3779.6
2018-04-07,credit_card,24867.48
2018-04-07,debit_card,78.75
2018-04-07,voucher,289.03
2018-04-08,boleto,3632.03
2018-04-08,credit_card,23432.85
2018-04-08,debit_card,240.68
2018-04-08,voucher,578.05
2018-04-09,boleto,8207.77
2018-04-09,credit_card,46985.9
2018-04-09,debit_card,28.43
2018-04-09,voucher,560.72
2018-04-10,boleto,6608.82
2018-04-10,credit_card,25068.989999999998
2018-04-10,debit_card,103.5
2018-04-10,voucher,753.97
2018-04-11,boleto,9410.01
2018-04-11,credit_card,36979.01
2018-04-11,debit_card,161.87
2018-04-11,voucher,653.58
2018-04-12,boleto,7079.83
2018-04-12,credit_card,31506.74
2018-04-12,debit_card,563.55
2018-04-12,voucher,795.26
2018-04-13,boleto,8150.19
2018-04-13,credit_card,26999.32
2018-04-13,debit_card,835.1400000000001
2018-04-13,voucher,455.88
2018-04-14,boleto,3503.2999999999997
2018-04-14,credit_card,18709.0
2018-04-14,voucher,185.57
2018-04-15,boleto,4165.57
2018-04-15,credit_card,31828.72
2018-04-15,debit_card,72.35
2018-04-15,voucher,497.55
2018-04-16,boleto,7495.32
2018-04-16,credit_card,36972.72
2018-04-16,debit_card,547.9
2018-04-16,voucher,2348.71
2018-04-17,boleto,7615.139999999999
2018-04-17,credit_card,33842.11
2018-04-17,debit_card,453.56000000000006
2018-04-17,voucher,903.4399999999999
2018-04-18,boleto,8282.4
2018-04-18,credit_card,37067.74
2018-04-18,debit_card,362.01
2018-04-18,voucher,596.5
2018-04-19,boleto,9931.34
2018-04-19,credit_card,36895.26
2018-04-19,debit_card,2163.54
2018-04-19,voucher,1336.3899999999999
2018-04-20,boleto,5845.01
2018-04-20,credit_card,25553.22
2018-04-20,debit_card,1095.96
2018-04-20,voucher,347.45
2018-04-21,boleto,1230.62
2018-04-21,credit_card,20135.31
2018-04-21,debit_card,362.94
2018-04-21,voucher,737.02
2018-04-22,boleto,2718.06
2018-04-22,credit_card,28499.75
2018-04-22,debit_card,37.75
2018-04-22,voucher,736.23
2018-04-23,boleto,5606.36
2018-04-23,credit_card,36547.56
2018-04-23,debit_card,523.65
2018-04-23,voucher,1685.72
2018-04-24,boleto,8936.36
2018-04-24,credit_card,40108.74
2018-04-24,debit_card,451.29
2018-04-24,voucher,408.63
2018-04-25,boleto,5692.19
2018-04-25,credit_card,40962.74
2018-04-25,debit_card,306.8
2018-04-25,voucher,394.76
2018-04-26,boleto,6905.41
2018-04-26,credit_card,28623.59
2018-04-26,debit_card,636.98
2018-04-26,voucher,746.79
2018-04-27,boleto,5124.96
2018-04-27,credit_card,41227.5
2018-04-27,debit_card,21.04
2018-04-27,voucher,390.8
2018-04-28,boleto,4818.6
2018-04-28,credit_card,21288.69
2018-04-28,debit_card,76.39
2018-04-28,voucher,794.84
2018-04-29,boleto,3860.65
2018-04-29,credit_card,18768.15
2018-04-29,voucher,432.15
2018-04-30,boleto,8593.65
2018-04-30,credit_card,31722.65
2018-04-30,debit_card,147.79
2018-04-30,voucher,572.52
2018-05-01,boleto,7155.29
2018-05-01,credit_card,31756.33
2018-05-01,debit_card,96.26
2018-05-01,voucher,266.38
2018-05-02,boleto,8180.69
2018-05-02,credit_card,35482.77
2018-05-02,debit_card,67.83
2018-05-02,voucher,1177.34
2018-05-03,boleto,9192.4
2018-05-03,credit_card,39144.49
2018-05-03,debit_card,124.58
2018-05-03,voucher,1757.38
2018-05-04,boleto,6626.84
2018-05-04,credit_card,38281.45
2018-05-04,voucher,585.81
2018-05-05,boleto,4981.37
2018-05-05,credit_card,27065.94
2018-05-05,debit_card,169.10000000000002
2018-05-05,voucher,424.26
2018-05-06,boleto,3510.57
2018-05-06,credit_card,29588.739999999998
2018-05-07,boleto,11399.18
2018-05-07,credit_card,49818.21
2018-05-07,debit_card,720.6800000000001
2018-05-07,voucher,630.18
2018-05-08,boleto,8265.04
2018-05-08,credit_card,45901.7
2018-05-08,debit_card,47.05
2018-05-08,voucher,915.59
2018-05-09,boleto,9834.6
2018-05-09,credit_card,39516.88
2018-05-09,debit_card,468.75
2018-05-09,voucher,1276.59
2018-05-10,boleto,9682.84
2018-05-10,credit_card,47715.61
2018-05-10,debit_card,37.04
2018-05-10,voucher,1436.38
2018-05-11,boleto,6049.79
2018-05-11,credit_card,35887.78
2018-05-11,debit_card,72.26
2018-05-11,voucher,1336.67
2018-05-12,boleto,3529.43
2018-05-12,credit_card,29186.78
2018-05-12,debit_card,160.74
2018-05-12,voucher,2006.1699999999998
2018-05-13,boleto,6739.37
2018-05-13,credit_card,29376.010000000002
2018-05-13,debit_card,87.32
2018-05-13,voucher,117.37
2018-05-14,boleto,12697.95
2018-05-14,credit_card,48751.18
2018-05-14,debit_card,107.62
2018-05-14,voucher,673.98
2018-05-15,boleto,8966.09
2018-05-15,credit_card,38881.36
2018-05-15,debit_card,228.36
2018-05-15,voucher,1430.18
2018-05-16,boleto,9620.34
2018-05-16,credit_card,54533.15
2018-05-16,debit_card,152.41
2018-05-16,voucher,436.15999999999997
2018-05-17,boleto,6917.66
2018-05-17,credit_card,28539.93
2018-05-17,debit_card,338.38
2018-05-17,voucher,462.39
2018-05-18,boleto,5179.84
2018-05-18,credit_card,30847.5
2018-05-18,voucher,402.43
2018-05-19,boleto,4468.31
2018-05-19,credit_card,23422.72
2018-05-19,debit_card,73.27
2018-05-19,voucher,355.43
2018-05-20,boleto,2900.34
2018-05-20,credit_card,19827.11
2018-05-20,debit_card,237.94
2018-05-20,voucher,120.72999999999999
2018-05-21,boleto,6259.01
2018-05-21,credit_card,23852.72
2018-05-21,debit_card,255.14
2018-05-21,voucher,253.07000000000002
2018-05-22,boleto,11652.72
2018-05-22,credit_card,19561.74
2018-05-22,debit_card,47.43
2018-05-22,voucher,808.77
2018-05-23,boleto,2973.1
2018-05-23,credit_card,16097.79
2018-05-23,debit_card,558.15
2018-05-23,voucher,633.26
2018-05-24,boleto,3441.8300000000004
2018-05-24,credit_card,18354.49
2018-05-24,debit_card,129.06
2018-05-24,voucher,353.32
2018-05-25,boleto,2369.82
2018-05-25,credit_card,15412.69
2018-05-25,debit_card,263.18
2018-05-25,voucher,240.63
2018-05-26,boleto,1176.69
2018-05-26,credit_card,15451.83
2018-05-26,voucher,285.57
2018-05-27,boleto,1169.06
2018-05-27,credit_card,13231.880000000001
2018-05-27,debit_card,77.42
2018-05-27,voucher,215.32000000000002
2018-05-28,boleto,6608.02
2018-05-28,credit_card,23270.010000000002
2018-05-28,voucher,426.92
2018-05-29,boleto,7272.97
2018-05-29,credit_card,20416.3
2018-05-29,debit_card,168.16
2018-05-29,voucher,1583.8999999999999
2018-05-30,boleto,5120.8
2018-05-30,credit_card,16515.58
2018-05-30,debit_card,285.31
2018-05-30,voucher,607.38
2018-05-31,boleto,1436.97
2018-05-31,credit_card,21865.68
2018-05-31,debit_card,4737.3
2018-05-31,voucher,116.57000000000001
2018-06-01,boleto,6046.360000000001
2018-06-01,credit_card,30147.920000000002
2018-06-01,debit_card,903.5799999999999
2018-06-01,voucher,186.19
2018-06-02,boleto,2994.5
2018-06-02,credit_card,25584.37
2018-06-02,debit_card,80.56
2018-06-02,voucher,280.56
2018-06-03,boleto,3885.02
2018-06-03,credit_card,28429.989999999998
2018-06-03,debit_card,284.94
2018-06-03,voucher,424.49
2018-06-04,boleto,7534.27
2018-06-04,credit_card,25220.39
2018-06-04,debit_card,963.1400000000001
2018-06-04,voucher,608.6
2018-06-05,boleto,5801.21
2018-06-05,credit_card,29716.079999999998
2018-06-05,debit_card,770.54
2018-06-05,voucher,183.39
2018-06-06,boleto,4341.49
2018-06-06,credit_card,27006.08
2018-06-06,debit_card,87.94
2018-06-06,voucher,741.47
2018-06-07,boleto,4254.29
2018-06-07,credit_card,37177.3
2018-06-07,debit_card,205.70999999999998
2018-06-07,voucher,1039.08
2018-06-08,boleto,6372.26
2018-06-08,credit_card,24432.36
2018-06-08,debit_card,596.82
2018-06-08,voucher,395.76
2018-06-09,boleto,2225.36
2018-06-09,credit_card,28752.73
2018-06-09,debit_card,3022.29
2018-06-09,voucher,33.4
2018-06-10,boleto,3280.35
2018-06-10,credit_card,25775.47
2018-06-10,debit_card,964.51
2018-06-10,voucher,275.08
2018-06-11,boleto,6686.43
2018-06-11,credit_card,48444.58
2018-06-11,debit_card,1120.51
2018-06-11,voucher,1094.04
2018-06-12,boleto,5813.19
2018-06-12,credit_card,38643.95
2018-06-12,debit_card,1727.19
2018-06-12,voucher,578.1
2018-06-13,boleto,4691.56
2018-06-13,credit_card,35436.53
2018-06-13,debit_card,520.36
2018-06-13,voucher,938.16
2018-06-14,boleto,3509.44
2018-06-14,credit_card,27257.510000000002
2018-06-14,debit_card,1280.09
2018-06-14,voucher,660.1700000000001
2018-06-15,boleto,4998.64
2018-06-15,credit_card,22315.67
2018-06-15,debit_card,3456.03
2018-06-15,voucher,728.4200000000001
2018-06-16,boleto,3587.59
2018-06-16,credit_card,24506.52
2018-06-16,debit_card,729.5699999999999
2018-06-16,voucher,176.4
2018-06-17,boleto,2900.38
2018-06-17,credit_card,17112.97
2018-06-17,debit_card,140.91
2018-06-17,voucher,597.26
2018-06-18,boleto,8834.64
2018-06-18,credit_card,27785.63
2018-06-18,debit_card,585.15
2018-06-18,voucher,3821.65
2018-06-19,boleto,7249.42
2018-06-19,credit_card,29367.71
2018-06-19,debit_card,2110.78
2018-06-19,voucher,1285.69
2018-06-20,boleto,4860.02
2018-06-20,credit_card,22161.17
2018-06-20,debit_card,5639.67
2018-06-20,voucher,1669.3999999999999
2018-06-21,boleto,8378.51
2018-06-21,credit_card,23683.02
2018-06-21,debit_card,553.39
2018-06-21,voucher,687.07
2018-06-22,boleto,4680.96
2018-06-22,credit_card,21598.59
2018-06-22,debit_card,1719.55
2018-06-22,voucher,754.05
2018-06-23,boleto,3033.35
2018-06-23,credit_card,16186.84
2018-06-23,debit_card,1251.98
2018-06-23,voucher,708.9399999999999
2018-06-24,boleto,2138.14
2018-06-24,credit_card,25358.75
2018-06-24,debit_card,1714.18
2018-06-24,voucher,287.5
2018-06-25,boleto,7785.26
2018-06-25,credit_card,33026.49
2018-06-25,debit_card,619.11
2018-06-25,voucher,577.16
2018-06-26,boleto,7155.38
2018-06-26,credit_card,26933.84
2018-06-26,debit_card,1647.23
2018-06-26,voucher,1937.22
2018-06-27,boleto,5254.96
2018-06-27,credit_card,25273.32
2018-06-27,debit_card,548.55
2018-06-27,voucher,1844.07
2018-06-28,boleto,6826.79
2018-06-28,credit_card,29197.45
2018-06-28,debit_card,2180.8
2018-06-28,voucher,568.7
2018-06-29,boleto,5233.73
2018-06-29,credit_card,19429.25
2018-06-29,debit_card,247.54
2018-06-29,voucher,188.17000000000002
2018-06-30,boleto,2996.7799999999997
2018-06-30,credit_card,15546.08
2018-06-30,voucher,78.85
2018-07-01,boleto,5224.2300000000005
2018-07-01,credit_card,23189.39
2018-07-01,debit_card,421.72
2018-07-01,voucher,225.36
2018-07-02,boleto,6702.74
2018-07-02,credit_card,21284.14
2018-07-02,debit_card,868.31
2018-07-02,voucher,567.24
2018-07-03,boleto,5102.45
2018-07-03,credit_card,23873.62
2018-07-03,debit_card,1857.8799999999999
2018-07-03,voucher,620.65
2018-07-04,boleto,7019.36
2018-07-04,credit_card,32847.5
2018-07-04,debit_card,990.89
2018-07-04,voucher,722.05
2018-07-05,boleto,7046.76
2018-07-05,credit_card,25810.36
2018-07-05,debit_card,658.45
2018-07-05,voucher,433.92999999999995
2018-07-06,boleto,5991.7
2018-07-06,credit_card,14170.59
2018-07-06,debit_card,959.88
2018-07-06,voucher,986.5
2018-07-07,boleto,1118.36
2018-07-07,credit_card,9933.61
2018-07-07,debit_card,186.93
2018-07-07,voucher,38.339999999999996
2018-07-08,boleto,1792.89
2018-07-08,credit_card,14815.88
2018-07-08,debit_card,736.83
2018-07-08,voucher,209.12
2018-07-09,boleto,3189.43
2018-07-09,credit_card,18548.41
2018-07-09,debit_card,876.67
2018-07-09,voucher,507.65999999999997
2018-07-10,boleto,3447.37
2018-07-10,credit_card,17800.19
2018-07-10,debit_card,700.01
2018-07-10,voucher,746.88
2018-07-11,boleto,4446.65
2018-07-11,credit_card,16351.5
2018-07-11,debit_card,965.78
2018-07-11,voucher,384.71000000000004
2018-07-12,boleto,2415.6
2018-07-12,credit_card,23956.78
2018-07-12,debit_card,7511.77
2018-07-12,voucher,1344.55
2018-07-13,boleto,5921.5
2018-07-13,credit_card,25773.23
2018-07-13,debit_card,524.31
2018-07-13,voucher,416.2
2018-07-14,boleto,3924.08
2018-07-14,credit_card,21674.65
2018-07-14,debit_card,541.8299999999999
2018-07-14,voucher,286.46
2018-07-15,boleto,11458.039999999999
2018-07-15,credit_card,21318.68
2018-07-15,debit_card,1399.24
2018-07-15,voucher,313.44
2018-07-16,boleto,11273.18
2018-07-16,credit_card,24744.69
2018-07-16,debit_card,1268.26
2018-07-16,voucher,568.53
2018-07-17,boleto,4635.57
2018-07-17,credit_card,29142.64
2018-07-17,debit_card,1172.7900000000002
2018-07-17,voucher,807.4200000000001
2018-07-18,boleto,8016.71
2018-07-18,credit_card,40903.52
2018-07-18,debit_card,1292.39
2018-07-18,voucher,1179.81
2018-07-19,boleto,12365.4
2018-07-19,credit_card,30491.54
2018-07-19,debit_card,1456.44
2018-07-19,voucher,597.87
2018-07-20,boleto,5742.5199999999995
2018-07-20,credit_card,30792.93
2018-07-20,debit_card,1053.65
2018-07-20,voucher,541.91
2018-07-21,boleto,2874.75
2018-07-21,credit_card,21075.56
2018-07-21,debit_card,987.83
2018-07-21,voucher,570.83
2018-07-22,boleto,3203.4
2018-07-22,credit_card,28526.22
2018-07-22,debit_card,1119.48
2018-07-22,voucher,113.16
2018-07-23,boleto,8726.3
2018-07-23,credit_card,37378.13
2018-07-23,debit_card,1252.95
2018-07-23,voucher,746.95
2018-07-24,boleto,7889.48
2018-07-24,credit_card,35900.79
2018-07-24,debit_card,2140.59
2018-07-24,voucher,2223.17
2018-07-25,boleto,13885.9
2018-07-25,credit_card,31853.35
2018-07-25,debit_card,1375.72
2018-07-25,voucher,802.74
2018-07-26,boleto,8746.7
2018-07-26,credit_card,30770.239999999998
2018-07-26,debit_card,1073.92
2018-07-26,voucher,1193.88
2018-07-27,boleto,5053.72
2018-07-27,credit_card,26252.82
2018-07-27,debit_card,1671.66
2018-07-27,voucher,352.92
2018-07-28,boleto,4075.75
2018-07-28,credit_card,24607.68
2018-07-28,debit_card,1223.58
2018-07-28,voucher,261.16
2018-07-29,boleto,5530.98
2018-07-29,credit_card,23930.98
2018-07-29,debit_card,6415.620000000001
2018-07-29,voucher,590.68
2018-07-30,boleto,9906.47
2018-07-30,credit_card,34299.85
2018-07-30,debit_card,1259.98
2018-07-30,voucher,821.71
2018-07-31,boleto,11313.25
2018-07-31,credit_card,41655.02
2018-07-31,debit_card,900.8199999999999
2018-07-31,voucher,783.01
2018-08-01,boleto,8858.869999999999
2018-08-01,credit_card,36500.48
2018-08-01,debit_card,2252.06
2018-08-01,voucher,1239.4
2018-08-02,boleto,5174.7
2018-08-02,credit_card,38205.74
2018-08-02,debit_card,1486.36
2018-08-02,voucher,1065.9
2018-08-03,boleto,10502.99
2018-08-03,credit_card,36544.1
2018-08-03,debit_card,1147.44
2018-08-03,voucher,1323.06
2018-08-04,boleto,5459.42
2018-08-04,credit_card,32220.85
2018-08-04,debit_card,2811.5
2018-08-04,voucher,748.1999999999999
2018-08-05,boleto,6203.79
2018-08-05,credit_card,33561.69
2018-08-05,debit_card,1968.77
2018-08-05,voucher,537.82
2018-08-06,boleto,10065.98
2018-08-06,credit_card,53533.63
2018-08-06,debit_card,846.1800000000001
2018-08-06,voucher,1414.64
2018-08-07,boleto,10367.960000000001
2018-08-07,credit_card,44179.39
2018-08-07,debit_card,2891.59
2018-08-07,voucher,4618.83
2018-08-08,boleto,5693.09
2018-08-08,credit_card,42547.28
2018-08-08,debit_card,2904.6
2018-08-08,voucher,318.79
2018-08-09,boleto,8063.34
2018-08-09,credit_card,32966.53
2018-08-09,debit_card,4657.85
2018-08-09,voucher,1573.96
2018-08-10,boleto,6859.33
2018-08-10,credit_card,30489.27
2018-08-10,debit_card,1334.03
2018-08-10,voucher,2007.6299999999999
2018-08-11,boleto,3278.21
2018-08-11,credit_card,26478.34
2018-08-11,debit_card,858.3399999999999
2018-08-11,voucher,662.36
2018-08-12,boleto,2629.2799999999997
2018-08-12,credit_card,30750.41
2018-08-12,debit_card,2610.11
2018-08-12,voucher,749.95
2018-08-13,boleto,6775.74
2018-08-13,credit_card,36332.53
2018-08-13,debit_card,2268.0
2018-08-13,voucher,2787.49
2018-08-14,boleto,6512.09
2018-08-14,credit_card,41369.97
2018-08-14,debit_card,3060.69
2018-08-14,voucher,631.92
2018-08-15,boleto,8026.47
2018-08-15,credit_card,42713.22
2018-08-15,debit_card,1209.64
2018-08-15,voucher,1373.37
2018-08-16,boleto,7288.72
2018-08-16,credit_card,31947.15
2018-08-16,debit_card,1859.03
2018-08-16,voucher,1486.1799999999998
2018-08-17,boleto,4904.54
2018-08-17,credit_card,28261.03
2018-08-17,debit_card,2753.2200000000003
2018-08-17,voucher,4953.98
2018-08-18,boleto,2359.14
2018-08-18,credit_card,24530.79
2018-08-18,debit_card,1247.98
2018-08-18,voucher,1557.16
2018-08-19,boleto,2517.0
2018-08-19,credit_card,26319.2
2018-08-19,debit_card,743.45
2018-08-19,voucher,409.7
2018-08-20,boleto,5299.33
2018-08-20,credit_card,31870.13
2018-08-20,debit_card,2272.22
2018-08-20,voucher,910.79
2018-08-21,boleto,4511.04
2018-08-21,credit_card,25144.79
2018-08-21,debit_card,1256.94
2018-08-21,voucher,567.13
2018-08-22,boleto,4792.92
2018-08-22,credit_card,18816.4
2018-08-22,debit_card,620.0699999999999
2018-08-22,voucher,172.45
2018-08-23,boleto,3369.7
2018-08-23,credit_card,15405.07
2018-08-23,debit_card,747.81
2018-08-23,voucher,215.14
2018-08-24,boleto,1387.48
2018-08-24,credit_card,9237.42
2018-08-24,debit_card,261.7
2018-08-24,voucher,564.16
2018-08-25,boleto,927.9
2018-08-25,credit_card,9468.44
2018-08-25,debit_card,1221.73
2018-08-25,voucher,119.69
2018-08-26,boleto,449.31
2018-08-26,credit_card,8249.56
2018-08-26,debit_card,426.4
2018-08-26,voucher,178.73000000000002
2018-08-27,boleto,1200.0
2018-08-27,credit_card,4583.65
2018-08-27,debit_card,268.73
2018-08-27,voucher,177.57
2018-08-28,boleto,327.56
2018-08-28,credit_card,3720.42
2018-08-28,debit_card,14.89
2018-08-28,not_defined,0.0
2018-08-28,voucher,1153.85
2018-08-29,credit_card,1701.4099999999999
2018-08-29,voucher,680.4200000000001
2018-08-30,voucher,705.04
2018-08-31,voucher,63.89
2018-09-03,not_defined,0.0
2018-09-03,voucher,458.64
2018-09-06,voucher,2443.2000000000003
2018-09-10,voucher,51.17
2018-09-11,voucher,258.67
2018-09-12,voucher,84.58
2018-09-13,voucher,414.04
2018-09-17,voucher,84.58
2018-09-20,voucher,191.46
2018-09-25,voucher,221.54
2018-09-26,voucher,94.63
2018-09-29,voucher,137.03
2018-10-01,voucher,80.38
2018-10-03,voucher,197.55
2018-10-16,voucher,222.03
2018-10-17,voucher,89.71
